{"cameraMode":{"drawMode":0,"name":"Shaded","section":"Shading Mode"},"sceneLighting":false,"audioPlay":false,"sceneViewState":{"showFog":true,"showMaterialUpdate":false,"showSkybox":false,"showFlares":true,"showImageEffects":true,"showParticleSystems":true},"in2DMode":false,"pivot":{"x":0.0,"y":0.06499981880187988,"z":-2.065000057220459},"rotation":{"x":0.330957293510437,"y":-0.03056539222598076,"z":0.010725279338657856,"w":0.9430940747261047},"size":34.33441162109375,"orthographic":false}